timestamp,durationMs,datetime
1773903652753,420000,2026-03-19 07:00:52.753
1773907831708,420000,2026-03-19 08:10:31.708
1773910381408,420000,2026-03-19 08:53:01.408
1773921155473,240000,2026-03-19 11:52:35.473
1773923452336,240000,2026-03-19 12:30:52.336
1773925585480,240000,2026-03-19 13:06:25.480
1773988879153,420000,2026-03-20 06:41:19.153
1773991174130,420000,2026-03-20 07:19:34.130
1773992432382,240000,2026-03-20 07:40:32.382
1773994689312,420000,2026-03-20 08:18:09.312
1773997179309,420000,2026-03-20 08:59:39.309
1774006688929,420000,2026-03-20 11:38:08.929
1774009778564,240000,2026-03-20 12:29:38.564
1774253921465,240000,2026-03-23 08:18:41.465
1774259810173,420000,2026-03-23 09:56:50.173
1774269173819,240000,2026-03-23 12:32:53.819
1774272419366,420000,2026-03-23 13:26:59.366
1774335728505,420000,2026-03-24 07:02:08.505
1774340324305,420000,2026-03-24 08:18:44.305
1774344260432,420000,2026-03-24 09:24:20.432
1774353189480,420000,2026-03-24 11:53:09.480
1774420919015,420000,2026-03-25 06:41:59.015
1774422167305,240000,2026-03-25 07:02:47.305
1774428947490,420000,2026-03-25 08:55:47.490
1774438087102,240000,2026-03-25 11:28:07.102
1774441944158,240000,2026-03-25 12:32:24.158
1774508735160,420000,2026-03-26 07:05:35.160
1774511311927,420000,2026-03-26 07:48:31.927
1774516854528,240000,2026-03-26 09:20:54.528
1774525903551,420000,2026-03-26 11:51:43.551
1774595253098,420000,2026-03-27 07:07:33.098
1774598279214,420000,2026-03-27 07:57:59.214
1774601333209,420000,2026-03-27 08:48:53.209
1774608641237,420000,2026-03-27 10:50:41.237
1774613449094,420000,2026-03-27 12:10:49.094
1774620377160,240000,2026-03-27 14:06:17.160
1774849500133,420000,2026-03-30 05:45:00.133
1774857017929,420000,2026-03-30 07:50:17.929
1774866826363,420000,2026-03-30 10:33:46.363
1774869400863,420000,2026-03-30 11:16:40.863
1774936056012,420000,2026-03-31 05:47:36.012
1774941327634,240000,2026-03-31 07:15:27.634
1774945003571,420000,2026-03-31 08:16:43.571
1774953963852,420000,2026-03-31 10:46:03.852
1774959505062,240000,2026-03-31 12:18:25.062
1775024528796,420000,2026-04-01 06:22:08.796
1775028862754,420000,2026-04-01 07:34:22.754
1775039556917,420000,2026-04-01 10:32:36.917
1775043953786,240000,2026-04-01 11:45:53.786
1775538596934,240000,2026-04-07 05:09:56.934
1775545314030,420000,2026-04-07 07:01:54.030
1775550986999,420000,2026-04-07 08:36:26.999
1775556523404,420000,2026-04-07 10:08:43.404
1775627364090,420000,2026-04-08 05:49:24.090
1775628855817,420000,2026-04-08 06:14:15.817
1775634177916,420000,2026-04-08 07:42:57.916
1775644108648,240000,2026-04-08 10:28:28.648
1775646561692,240000,2026-04-08 11:09:21.692
1775713797225,240000,2026-04-09 05:49:57.225
1775717658371,240000,2026-04-09 06:54:18.371
1775719320121,420000,2026-04-09 07:22:00.121
1775728773841,240000,2026-04-09 09:59:33.841
1775730906310,420000,2026-04-09 10:35:06.310
1775737366394,240000,2026-04-09 12:22:46.394
1775800469769,240000,2026-04-10 05:54:29.769
1775802388297,420000,2026-04-10 06:26:28.297
1775803172305,240000,2026-04-10 06:39:32.305
1775806184810,240000,2026-04-10 07:29:44.810
1775808368162,420000,2026-04-10 08:06:08.162
1775816456003,420000,2026-04-10 10:20:56.003
1775821558658,240000,2026-04-10 11:45:58.658
1776061568440,420000,2026-04-13 06:26:08.440
1776064279007,420000,2026-04-13 07:11:19.007
1776069521355,420000,2026-04-13 08:38:41.355
1776078099572,420000,2026-04-13 11:01:39.572
1776081829012,420000,2026-04-13 12:03:49.012
1776145880442,240000,2026-04-14 05:51:20.442
1776149397265,420000,2026-04-14 06:49:57.265
1776152935401,240000,2026-04-14 07:48:55.401
1776154023431,420000,2026-04-14 08:07:03.431
1776168118820,420000,2026-04-14 12:01:58.820
1776231606600,420000,2026-04-15 05:40:06.600
1776237358365,420000,2026-04-15 07:15:58.365
1776242599306,240000,2026-04-15 08:43:19.306
1776250002100,420000,2026-04-15 10:46:42.100
1776259956990,240000,2026-04-15 13:32:36.990
1776319454481,420000,2026-04-16 06:04:14.481
1776323703685,420000,2026-04-16 07:15:03.685
1776329366756,240000,2026-04-16 08:49:26.756
1776337457286,240000,2026-04-16 11:04:17.286
1776340652478,240000,2026-04-16 11:57:32.478
1776345845910,240000,2026-04-16 13:24:05.910
1776402535230,240000,2026-04-17 05:08:55.230
1776405801324,420000,2026-04-17 06:03:21.324
1776408832770,420000,2026-04-17 06:53:52.770
1776410759599,420000,2026-04-17 07:25:59.599
1776414129627,420000,2026-04-17 08:22:09.627
1776422483090,240000,2026-04-17 10:41:23.090
1776664521166,420000,2026-04-20 05:55:21.166
1776668983906,420000,2026-04-20 07:09:43.906
1776675403896,420000,2026-04-20 08:56:43.896
1776685215298,420000,2026-04-20 11:40:15.298
1776750571118,420000,2026-04-21 05:49:31.118
1776755352676,420000,2026-04-21 07:09:12.676
1776762492985,240000,2026-04-21 09:08:12.985
1776767117065,240000,2026-04-21 10:25:17.065
1776769623671,240000,2026-04-21 11:07:03.671
1776773056934,240000,2026-04-21 12:04:16.934
1776837935136,420000,2026-04-22 06:05:35.136
1776841564883,420000,2026-04-22 07:06:04.883
1776846466531,420000,2026-04-22 08:27:46.531
1776853239351,240000,2026-04-22 10:20:39.351
1776855145779,240000,2026-04-22 10:52:25.779
1776858852395,420000,2026-04-22 11:54:12.395
1776924534039,420000,2026-04-23 06:08:54.039
1776928440092,420000,2026-04-23 07:14:00.092
1776932897394,240000,2026-04-23 08:28:17.394
1776941055970,240000,2026-04-23 10:44:15.970
1776944505729,420000,2026-04-23 11:41:45.729
1777009721421,420000,2026-04-24 05:48:41.421
1777009964329,240000,2026-04-24 05:52:44.329
1777010903907,240000,2026-04-24 06:08:23.907
1777011979715,420000,2026-04-24 06:26:19.715
1777017146622,420000,2026-04-24 07:52:26.622
1777026425329,420000,2026-04-24 10:27:05.329
1777029441580,240000,2026-04-24 11:17:21.580
